id,productid,customerid,quantity,saledate,totalprice
1,20,187,7,2024-03-21 10:23:36.036454,757.4531875223691
2,31,274,5,2023-06-28 10:23:36.036454,572.6828566227158
3,68,55,5,2023-10-24 10:23:36.036454,796.5081222104325
4,187,113,4,2023-10-16 10:23:36.036454,990.8677358369486
5,215,488,8,2023-11-01 10:23:36.036454,137.28337662690433
6,118,199,2,2023-09-15 10:23:36.036454,638.2387776525258
7,31,117,9,2024-04-27 10:23:36.036454,215.26075366024395
8,221,185,4,2023-08-25 10:23:36.036454,152.1736987386346
9,264,282,4,2024-04-21 10:23:36.036454,488.69074499713247
10,81,322,3,2023-09-02 10:23:36.036454,747.7729535144301
11,62,167,5,2023-11-12 10:23:36.036454,444.7385093049207
12,236,405,4,2024-05-13 10:23:36.036454,464.34383571563365
13,105,488,3,2023-08-06 10:23:36.036454,251.20076536973755
14,87,48,3,2023-10-11 10:23:36.036454,143.83084017910636
15,179,85,7,2024-05-05 10:23:36.036454,283.5977993470297
16,221,433,4,2023-09-06 10:23:36.036454,150.5819510738791
17,29,245,7,2023-12-06 10:23:36.036454,54.41387622177435
18,151,125,6,2023-08-20 10:23:36.036454,53.13665958235099
19,211,71,7,2023-09-13 10:23:36.036454,917.2826317852473
20,144,309,8,2023-12-29 10:23:36.036454,684.2689584299729
21,92,237,1,2023-08-01 10:23:36.036454,804.3170563861828
22,273,362,4,2023-12-03 10:23:36.036454,480.213968542121
23,72,284,3,2023-07-02 10:23:36.036454,941.8835228688309
24,95,117,4,2024-04-17 10:23:36.036454,675.938171034015
25,21,384,1,2024-04-13 10:23:36.036454,978.0891693935381
26,57,127,8,2023-08-06 10:23:36.036454,434.70490838297803
27,270,156,8,2024-04-04 10:23:36.036454,55.311573147515674
28,43,169,8,2023-08-10 10:23:36.036454,952.4264133204537
29,4,76,8,2024-03-25 10:23:36.036454,164.31910252171795
30,143,161,1,2023-08-23 10:23:36.036454,682.6706850587858
31,101,283,8,2024-03-01 10:23:36.036454,917.7978393812361
32,54,204,3,2023-09-02 10:23:36.036454,276.89103606132437
33,80,3,7,2024-04-07 10:23:36.036454,546.1394203873109
34,24,346,8,2023-08-02 10:23:36.036454,374.5585920578298
35,204,378,2,2023-09-25 10:23:36.036454,320.0154599567274
36,256,398,7,2023-07-14 10:23:36.036454,279.7044845003663
37,179,273,4,2023-06-24 10:23:36.036454,54.108487075388155
38,291,157,2,2024-02-14 10:23:36.036454,128.99202730720847
39,175,327,7,2024-04-14 10:23:36.036454,694.7449971379873
40,147,161,9,2023-06-06 10:23:36.036454,909.032953959851
41,75,355,7,2023-10-14 10:23:36.036454,725.3686149900593
42,33,258,3,2024-01-01 10:23:36.036454,116.47213455577736
43,246,430,7,2023-09-26 10:23:36.036454,920.9875881153545
44,171,497,4,2023-10-03 10:23:36.036454,373.5988903794898
45,298,41,3,2024-03-05 10:23:36.036454,94.810074358575
46,251,53,1,2023-06-23 10:23:36.036454,790.7517196373317
47,158,350,4,2023-12-04 10:23:36.036454,26.461220173287877
48,51,188,7,2024-04-14 10:23:36.036454,820.9618125292948
49,44,379,1,2024-02-18 10:23:36.036454,398.973068472099
50,29,82,3,2023-06-25 10:23:36.036454,426.9795150432426
51,92,375,7,2023-08-01 10:23:36.036454,485.1873804521647
52,221,84,3,2023-11-30 10:23:36.036454,988.0123549367224
53,136,219,9,2023-10-02 10:23:36.036454,183.91159365584807
54,221,486,1,2023-08-25 10:23:36.036454,645.595126440108
55,297,20,5,2023-06-02 10:23:36.036454,941.1009778826138
56,78,213,5,2023-10-13 10:23:36.036454,647.6555540144032
57,146,86,9,2024-05-11 10:23:36.036454,781.4504201991359
58,110,402,9,2023-10-29 10:23:36.036454,602.3254580016605
59,5,244,7,2023-08-01 10:23:36.036454,819.9223182936822
60,106,375,9,2023-12-23 10:23:36.036454,522.6708379644128
61,214,274,3,2024-05-18 10:23:36.036454,699.5231719010557
62,268,200,3,2023-07-07 10:23:36.036454,597.6318396147955
63,233,149,1,2023-11-04 10:23:36.036454,948.8033313621893
64,258,218,9,2024-05-12 10:23:36.036454,928.8012484070265
65,271,148,2,2024-05-17 10:23:36.036454,514.5553133970843
66,179,461,3,2024-01-27 10:23:36.036454,762.22949370526
67,34,339,9,2023-12-08 10:23:36.036454,900.807995004443
68,206,262,6,2023-10-16 10:23:36.036454,103.36692611627701
69,219,308,4,2024-03-05 10:23:36.036454,904.1348569166486
70,7,186,9,2024-01-10 10:23:36.036454,339.91207294204173
71,294,326,4,2024-01-28 10:23:36.036454,852.3851084721936
72,257,71,3,2023-07-27 10:23:36.036454,912.9483050283079
73,198,262,2,2023-06-11 10:23:36.036454,451.11201885705424
74,43,103,9,2023-12-06 10:23:36.036454,55.95464452458318
75,150,307,5,2023-08-23 10:23:36.036454,535.3476589798274
76,74,358,8,2023-09-30 10:23:36.036454,926.2372747640306
77,223,260,4,2023-06-22 10:23:36.036454,99.90957065614049
78,292,126,3,2023-06-16 10:23:36.036454,637.2636347282855
79,108,232,1,2024-02-09 10:23:36.036454,722.8521995294088
80,224,469,6,2023-08-01 10:23:36.036454,763.1456283410198
81,59,464,2,2023-11-22 10:23:36.036454,952.5119414921995
82,287,361,3,2023-07-31 10:23:36.036454,852.57025163089
83,192,427,4,2024-03-04 10:23:36.036454,557.5952836760615
84,290,68,5,2024-02-15 10:23:36.036454,522.7916892243211
85,264,263,1,2024-03-07 10:23:36.036454,545.3734542775493
86,204,415,7,2024-02-06 10:23:36.036454,697.4950578332921
87,270,5,5,2023-12-16 10:23:36.036454,589.5464342763146
88,135,209,6,2024-02-19 10:23:36.036454,854.0819119990717
89,288,76,3,2024-03-31 10:23:36.036454,257.42164530643106
90,159,34,6,2024-05-08 10:23:36.036454,987.3354617103251
91,80,489,4,2023-08-22 10:23:36.036454,472.6989374345951
92,204,156,2,2023-07-18 10:23:36.036454,722.093578849578
93,267,94,2,2024-05-01 10:23:36.036454,446.192179724621
94,118,348,1,2024-03-17 10:23:36.036454,469.67012445634003
95,126,269,3,2023-08-19 10:23:36.036454,432.3401380477267
96,299,166,2,2023-11-25 10:23:36.036454,980.1865102074869
97,93,31,2,2024-04-16 10:23:36.036454,584.181215657864
98,13,235,3,2023-12-06 10:23:36.036454,449.0294758576152
99,157,79,3,2023-12-12 10:23:36.036454,784.3304995209743
100,103,176,2,2024-01-25 10:23:36.036454,211.81034547632942
101,184,280,9,2023-06-20 10:23:36.036454,784.456968495248
102,131,114,3,2024-02-05 10:23:36.036454,952.439172878384
103,137,315,5,2024-02-08 10:23:36.036454,582.8371835540903
104,291,464,3,2023-12-18 10:23:36.036454,683.3742809473923
105,238,138,3,2024-02-28 10:23:36.036454,760.6418717359342
106,87,411,6,2023-10-17 10:23:36.036454,860.1120167839897
107,291,435,9,2024-01-04 10:23:36.036454,194.37880550439894
108,150,293,1,2024-01-23 10:23:36.036454,249.95971868875705
109,206,153,2,2024-01-31 10:23:36.036454,699.7475366896145
110,140,313,8,2023-11-22 10:23:36.036454,411.01409449478336
111,46,202,7,2024-05-08 10:23:36.036454,641.6933905297453
112,291,128,2,2024-03-12 10:23:36.036454,75.61420334082109
113,188,271,2,2023-10-09 10:23:36.036454,339.31374574395977
114,200,330,4,2024-03-19 10:23:36.036454,798.5707832444328
115,92,39,7,2023-11-11 10:23:36.036454,477.76830836057184
116,87,77,6,2024-05-08 10:23:36.036454,346.2628495866855
117,240,366,7,2023-10-07 10:23:36.036454,61.07516382361888
118,5,140,1,2024-02-05 10:23:36.036454,183.7132813289873
119,13,132,3,2023-11-09 10:23:36.036454,432.9118046992361
120,85,52,2,2024-04-26 10:23:36.036454,805.4548586730309
121,178,399,2,2023-10-06 10:23:36.036454,899.7161296807067
122,16,294,3,2023-10-10 10:23:36.036454,573.2929210882286
123,92,384,7,2023-10-30 10:23:36.036454,958.7151573164404
124,130,166,5,2024-02-10 10:23:36.036454,233.37355493506695
125,199,386,1,2024-02-06 10:23:36.036454,237.3870381495435
126,1,297,8,2023-11-09 10:23:36.036454,869.5349147162493
127,76,139,9,2023-07-24 10:23:36.036454,410.9535432812739
128,106,404,7,2024-03-19 10:23:36.036454,834.9378498159051
129,85,436,7,2024-04-04 10:23:36.036454,773.4442929039238
130,258,335,9,2024-02-22 10:23:36.036454,461.9526452871104
131,200,237,2,2023-09-05 10:23:36.036454,46.88496161936502
132,231,85,8,2023-07-30 10:23:36.036454,745.7425279977141
133,47,392,2,2023-08-31 10:23:36.036454,502.2091116061263
134,26,495,1,2024-03-20 10:23:36.036454,400.3817142335649
135,82,46,4,2024-02-28 10:23:36.036454,997.4110377256911
136,299,402,7,2024-02-04 10:23:36.036454,225.95693163609826
137,60,74,5,2024-03-21 10:23:36.036454,386.9162484071721
138,176,83,2,2023-09-14 10:23:36.036454,741.7053625335062
139,25,438,9,2023-07-17 10:23:36.036454,549.9117262454151
140,66,162,3,2023-11-20 10:23:36.036454,973.5996582145972
141,142,448,4,2023-12-11 10:23:36.036454,912.048039238216
142,107,27,6,2023-10-22 10:23:36.036454,64.18874085901274
143,244,256,1,2024-02-14 10:23:36.036454,557.3106373430213
144,192,220,1,2024-02-04 10:23:36.036454,834.7228843549697
145,127,333,7,2024-04-05 10:23:36.036454,815.683404923056
146,291,164,2,2023-09-05 10:23:36.036454,556.2855622138945
147,30,251,8,2023-11-19 10:23:36.036454,272.7871291688542
148,79,59,9,2023-09-20 10:23:36.036454,371.80071385110745
149,91,281,6,2024-01-12 10:23:36.036454,693.2670260836481
150,94,189,3,2023-09-04 10:23:36.036454,442.5178270243907
151,170,193,2,2024-03-25 10:23:36.036454,12.657033414868252
152,204,238,6,2023-10-01 10:23:36.036454,118.22933483897044
153,97,156,5,2024-05-13 10:23:36.036454,21.808869365586887
154,174,261,6,2024-05-18 10:23:36.036454,559.3193843861006
155,205,266,7,2023-11-09 10:23:36.036454,933.2418749238817
156,60,442,7,2023-10-19 10:23:36.036454,400.39269315492965
157,41,422,3,2023-10-30 10:23:36.036454,293.5988359781584
158,167,478,8,2024-03-31 10:23:36.036454,193.73366327810348
159,91,473,2,2023-11-22 10:23:36.036454,76.0717636902739
160,26,417,3,2023-11-19 10:23:36.036454,111.1665968883397
161,170,356,3,2023-12-15 10:23:36.036454,965.1633278809546
162,189,420,6,2024-04-18 10:23:36.036454,385.12841848613016
163,164,281,3,2023-10-12 10:23:36.036454,149.38256423553395
164,113,246,8,2023-06-23 10:23:36.036454,519.6415644139795
165,263,395,9,2023-12-20 10:23:36.036454,401.53934601860584
166,132,343,3,2024-01-25 10:23:36.036454,887.851246275021
167,42,279,6,2023-05-28 10:23:36.036454,195.5705663503988
168,133,218,6,2024-04-08 10:23:36.036454,164.25390650778323
169,94,175,6,2023-06-23 10:23:36.036454,187.21754777588035
170,281,13,3,2023-06-27 10:23:36.036454,367.78911910387586
171,214,183,5,2023-11-04 10:23:36.036454,830.552105974781
172,141,234,1,2023-09-23 10:23:36.036454,336.8776765704524
173,129,336,4,2024-05-13 10:23:36.036454,320.6074632490433
174,127,365,1,2024-01-02 10:23:36.036454,71.60851216433922
175,124,107,7,2023-06-25 10:23:36.036454,970.2904146683196
176,9,280,7,2023-12-08 10:23:36.036454,655.331464587191
177,168,499,4,2024-04-28 10:23:36.036454,976.1942460525925
178,288,470,1,2024-03-10 10:23:36.036454,146.39732214850892
179,127,192,6,2024-01-15 10:23:36.036454,313.1752764750147
180,227,90,3,2024-02-21 10:23:36.036454,934.4070152800007
181,185,374,3,2023-08-06 10:23:36.036454,810.6506743502151
182,91,6,5,2024-05-17 10:23:36.036454,682.6813662546061
183,73,222,3,2024-03-17 10:23:36.036454,690.6470859261595
184,154,264,2,2023-08-30 10:23:36.036454,918.6147521044925
185,39,3,7,2024-03-03 10:23:36.036454,87.15308537148454
186,163,156,3,2024-03-11 10:23:36.036454,800.9609199850175
187,170,48,4,2023-06-01 10:23:36.036454,452.7348346700599
188,89,185,1,2023-09-24 10:23:36.036454,397.61216820397834
189,227,127,8,2024-05-02 10:23:36.036454,879.1331534406743
190,118,461,8,2024-04-20 10:23:36.036454,796.5145031599084
191,121,304,2,2023-07-21 10:23:36.036454,451.46472466908915
192,2,17,2,2024-02-04 10:23:36.036454,792.4418389843728
193,243,138,5,2023-06-18 10:23:36.036454,900.4699357496587
194,263,240,5,2023-12-23 10:23:36.036454,960.82457225697
195,139,22,8,2023-11-13 10:23:36.036454,990.5717422694705
196,17,348,3,2023-07-10 10:23:36.036454,58.463881350516914
197,17,127,9,2023-10-22 10:23:36.036454,421.8711888171897
198,249,313,4,2024-03-02 10:23:36.036454,545.0980319720078
199,195,486,3,2023-10-20 10:23:36.036454,750.5789759926442
200,101,412,6,2024-02-23 10:23:36.036454,896.5447833453262
201,30,432,5,2024-02-22 10:23:36.036454,290.79726731808415
202,88,464,9,2023-08-30 10:23:36.036454,775.7544895283207
203,145,499,1,2024-03-05 10:23:36.036454,833.4639332671024
204,100,317,8,2023-06-14 10:23:36.036454,135.22202989604963
205,19,246,7,2024-02-19 10:23:36.036454,179.16787250674292
206,223,237,7,2023-11-17 10:23:36.036454,724.7592866144104
207,203,438,9,2024-03-26 10:23:36.036454,586.2778184059072
208,222,376,5,2024-02-28 10:23:36.036454,359.11546554727045
209,16,404,1,2024-05-06 10:23:36.036454,287.2878602464154
210,62,20,3,2023-09-10 10:23:36.036454,287.2701693978165
211,44,15,6,2024-02-07 10:23:36.036454,453.2160146108854
212,223,448,2,2023-12-17 10:23:36.036454,720.9330833839905
213,149,77,8,2023-10-28 10:23:36.036454,370.24260340072294
214,68,369,2,2023-07-06 10:23:36.036454,767.2425817884741
215,203,436,7,2023-11-12 10:23:36.036454,16.716307821092748
216,256,66,9,2024-01-07 10:23:36.036454,565.6023628768903
217,91,210,9,2023-07-08 10:23:36.036454,446.5279430227454
218,94,423,8,2023-12-09 10:23:36.036454,197.5633898708764
219,297,29,7,2024-05-07 10:23:36.036454,515.5633547256953
220,2,319,2,2024-05-08 10:23:36.036454,569.3834127000479
221,146,32,4,2023-12-04 10:23:36.036454,349.4180457639306
222,207,49,7,2024-05-07 10:23:36.036454,65.93722985049101
223,35,273,4,2023-09-24 10:23:36.036454,643.4165164966344
224,1,492,8,2024-05-04 10:23:36.036454,235.98742526168434
225,182,98,4,2024-03-09 10:23:36.036454,61.20287150651556
226,37,308,3,2023-10-26 10:23:36.036454,606.9549594691456
227,30,9,6,2024-04-28 10:23:36.036454,587.1462098779638
228,62,419,8,2023-08-19 10:23:36.036454,657.6399429498018
229,143,425,8,2023-11-10 10:23:36.036454,324.182834106398
230,250,159,5,2023-07-20 10:23:36.036454,603.7860090478001
231,134,355,6,2023-08-27 10:23:36.036454,996.9796675350435
232,17,453,1,2024-02-25 10:23:36.036454,480.4353912022356
233,37,294,5,2024-03-02 10:23:36.036454,308.65262085493765
234,122,473,4,2024-03-31 10:23:36.036454,706.0730358420212
235,295,259,3,2024-05-14 10:23:36.036454,523.7443076982296
236,247,471,6,2023-11-25 10:23:36.036454,594.1304479912462
237,253,202,7,2024-01-28 10:23:36.036454,922.8585052279168
238,165,419,1,2024-04-04 10:23:36.036454,961.4355874123579
239,247,335,2,2023-10-20 10:23:36.036454,918.5285509344203
240,205,33,9,2024-04-18 10:23:36.036454,278.3188882979365
241,258,413,8,2024-03-25 10:23:36.036454,599.5594032934814
242,186,251,2,2023-09-21 10:23:36.036454,943.101950434927
243,130,365,8,2023-09-27 10:23:36.036454,425.11987642956336
244,191,42,7,2023-10-22 10:23:36.036454,342.57902456625817
245,56,222,3,2023-08-21 10:23:36.036454,120.99256948750596
246,246,138,4,2023-10-09 10:23:36.036454,464.49129662307774
247,198,100,2,2024-03-14 10:23:36.036454,987.7194875767667
248,52,253,7,2023-07-18 10:23:36.036454,735.6980915091913
249,223,87,4,2023-06-30 10:23:36.036454,917.4568842420492
250,165,374,8,2024-05-21 10:23:36.036454,334.09293785344084
251,143,419,7,2023-12-14 10:23:36.036454,783.6573664872001
252,88,2,5,2023-09-21 10:23:36.036454,988.1326231452688
253,201,137,8,2023-09-24 10:23:36.036454,940.07481837991
254,288,176,7,2024-01-11 10:23:36.036454,32.96351862388713
255,148,171,3,2024-03-17 10:23:36.036454,965.1793619723832
256,201,285,5,2023-12-08 10:23:36.036454,860.8171660158787
257,118,349,5,2023-06-20 10:23:36.036454,654.7419685821312
258,210,284,8,2023-08-19 10:23:36.036454,301.0228389562125
259,33,232,1,2023-11-16 10:23:36.036454,572.3434545618869
260,126,59,2,2023-07-12 10:23:36.036454,454.8479758093869
261,128,46,1,2023-06-14 10:23:36.036454,891.3241154390761
262,9,365,6,2024-04-02 10:23:36.036454,381.3248786342919
263,138,93,1,2023-09-20 10:23:36.036454,48.46170458597153
264,170,296,2,2023-09-12 10:23:36.036454,817.6555038761356
265,4,483,1,2023-08-03 10:23:36.036454,124.23694974386939
266,91,384,9,2024-02-11 10:23:36.036454,288.3069408603466
267,194,395,9,2024-03-18 10:23:36.036454,605.9067288908391
268,268,109,5,2024-01-30 10:23:36.036454,680.2008767670671
269,186,188,6,2023-09-01 10:23:36.036454,448.08465010250126
270,13,41,4,2024-03-16 10:23:36.036454,806.9655738688299
271,273,363,9,2024-03-09 10:23:36.036454,492.59332154694965
272,289,124,5,2024-01-27 10:23:36.036454,633.9839807117494
273,141,419,6,2023-06-19 10:23:36.036454,990.7941571736887
274,217,322,5,2024-04-09 10:23:36.036454,381.49579869754865
275,84,451,5,2024-04-03 10:23:36.036454,216.07044333589664
276,295,96,1,2023-10-28 10:23:36.036454,227.9012194136532
277,108,378,7,2023-12-29 10:23:36.036454,82.12965548693342
278,257,67,1,2023-07-12 10:23:36.036454,553.4056805863286
279,151,27,9,2024-03-29 10:23:36.036454,979.3429018048366
280,105,353,3,2024-01-15 10:23:36.036454,154.8591914183448
281,212,90,7,2024-01-27 10:23:36.036454,368.4913977180449
282,118,71,2,2024-01-14 10:23:36.036454,984.7775964828794
283,19,158,3,2024-02-17 10:23:36.036454,352.21399408106475
284,197,113,5,2023-06-19 10:23:36.036454,276.65499820119277
285,106,95,6,2023-12-19 10:23:36.036454,148.37252462141169
286,216,442,4,2023-12-05 10:23:36.036454,812.0659590103269
287,102,89,7,2023-05-24 10:23:36.036454,91.80567056781119
288,215,148,2,2023-09-28 10:23:36.036454,551.6338371151636
289,237,349,3,2023-06-14 10:23:36.036454,518.725489421978
290,84,133,8,2023-07-24 10:23:36.036454,303.57662149883237
291,229,245,8,2023-08-29 10:23:36.036454,113.61396565759999
292,91,290,3,2023-08-31 10:23:36.036454,545.1135675202057
293,119,175,2,2023-07-31 10:23:36.036454,949.4762253961077
294,275,321,9,2024-01-06 10:23:36.036454,947.1430834091718
295,194,225,7,2024-03-15 10:23:36.036454,442.5162865143823
296,113,316,5,2023-12-06 10:23:36.036454,712.6162492015927
297,142,416,9,2023-10-18 10:23:36.036454,409.17854596840755
298,198,19,2,2023-11-12 10:23:36.036454,972.7621153452758
299,173,418,7,2023-06-18 10:23:36.036454,993.1478230725243
300,279,193,8,2024-03-08 10:23:36.036454,297.4379675746386
301,233,269,1,2023-07-30 10:23:36.036454,826.0519030066495
302,158,106,3,2024-05-04 10:23:36.036454,815.7946552748033
303,39,352,3,2023-11-06 10:23:36.036454,263.17551097869784
304,98,174,9,2023-07-03 10:23:36.036454,287.64499252870655
305,287,406,4,2024-04-27 10:23:36.036454,429.15953673081856
306,105,399,1,2024-02-10 10:23:36.036454,712.6087613818192
307,186,104,5,2024-02-18 10:23:36.036454,744.2928142056988
308,122,350,9,2024-05-14 10:23:36.036454,579.0015783185607
309,14,252,1,2024-03-09 10:23:36.036454,610.6449533454845
310,256,415,2,2023-07-02 10:23:36.036454,79.79623282891849
311,48,398,2,2024-05-04 10:23:36.036454,437.2476595055157
312,29,46,9,2024-01-21 10:23:36.036454,248.29795993100873
313,32,387,6,2024-02-29 10:23:36.036454,923.2174047140418
314,281,130,3,2023-10-31 10:23:36.036454,290.20990564500164
315,143,234,7,2023-12-08 10:23:36.036454,372.0790327710473
316,228,16,8,2024-05-16 10:23:36.036454,249.45021435138742
317,295,58,7,2023-08-03 10:23:36.036454,102.626509284035
318,243,330,3,2023-09-18 10:23:36.036454,790.9281111114043
319,220,94,7,2023-09-17 10:23:36.036454,888.4974832279324
320,71,70,2,2023-11-27 10:23:36.036454,59.46340477502388
321,270,294,6,2024-02-15 10:23:36.036454,303.25860900322266
322,53,187,8,2023-07-05 10:23:36.036454,961.59647810562
323,268,189,1,2023-07-31 10:23:36.036454,769.5365611847319
324,227,295,9,2023-10-27 10:23:36.036454,699.6968755149727
325,127,17,5,2023-10-03 10:23:36.036454,809.9876626291614
326,20,351,7,2024-02-02 10:23:36.036454,161.20381067482035
327,184,315,5,2023-10-02 10:23:36.036454,439.83280977461766
328,35,435,8,2023-07-08 10:23:36.036454,298.22586254121234
329,255,4,2,2024-01-08 10:23:36.036454,138.1540623549709
330,22,211,4,2023-08-16 10:23:36.036454,402.6580527141256
331,230,168,5,2023-10-09 10:23:36.036454,480.0624277158395
332,182,324,4,2024-03-22 10:23:36.036454,344.9362562341934
333,253,51,9,2023-12-30 10:23:36.036454,507.6031315078429
334,278,457,1,2023-06-21 10:23:36.036454,972.4917583803915
335,97,154,9,2023-09-01 10:23:36.036454,751.988587105893
336,210,234,6,2023-12-01 10:23:36.036454,555.0535838291644
337,114,94,7,2023-12-01 10:23:36.036454,821.9138418766152
338,297,11,7,2024-02-16 10:23:36.036454,546.8031149650744
339,173,405,3,2024-01-12 10:23:36.036454,775.0909351715876
340,60,229,2,2023-11-29 10:23:36.036454,961.2053331841552
341,76,288,8,2023-09-15 10:23:36.036454,41.76061862249313
342,132,218,6,2023-08-14 10:23:36.036454,479.36457466972826
343,86,200,6,2023-10-01 10:23:36.036454,764.6814110692397
344,61,418,3,2023-06-17 10:23:36.036454,250.99660225067552
345,49,127,5,2024-04-02 10:23:36.036454,881.1170324028025
346,245,187,5,2023-06-14 10:23:36.036454,452.7961954748652
347,243,169,9,2023-11-28 10:23:36.036454,822.5826492877495
348,58,340,8,2023-08-30 10:23:36.036454,633.2929225405978
349,175,151,3,2024-01-08 10:23:36.036454,510.49623809860685
350,189,486,6,2024-04-19 10:23:36.036454,170.6906545199258
351,201,439,3,2023-11-16 10:23:36.036454,359.92026423792305
352,62,382,8,2023-10-16 10:23:36.036454,129.5113621226705
353,244,451,3,2023-06-28 10:23:36.036454,365.1929469397449
354,268,254,2,2024-05-08 10:23:36.036454,72.12287526450663
355,108,211,8,2023-08-17 10:23:36.036454,181.42551611302056
356,123,388,4,2024-03-18 10:23:36.036454,491.2308979139478
357,164,477,9,2024-04-03 10:23:36.036454,880.8721034244127
358,22,201,4,2024-01-26 10:23:36.036454,567.4874024900877
359,56,15,2,2023-09-30 10:23:36.036454,314.50666937691216
360,219,257,9,2024-03-26 10:23:36.036454,258.43090695706036
361,274,462,2,2024-03-21 10:23:36.036454,928.3842199633278
362,193,444,1,2023-08-14 10:23:36.036454,387.1689806166252
363,149,483,9,2023-05-23 10:23:36.036454,50.27930006022484
364,250,472,8,2023-12-22 10:23:36.036454,251.48457320658815
365,172,100,1,2024-03-18 10:23:36.036454,923.9000716176687
366,143,487,7,2023-11-26 10:23:36.036454,497.9779008199586
367,106,376,6,2023-12-16 10:23:36.036454,190.3908200292477
368,186,65,6,2023-10-03 10:23:36.036454,825.1900859477983
369,168,167,2,2023-10-11 10:23:36.036454,227.37809607267013
370,42,480,1,2023-08-12 10:23:36.036454,60.47991389835034
371,21,486,5,2024-04-09 10:23:36.036454,285.0091414300461
372,129,155,3,2023-09-06 10:23:36.036454,392.85154549216077
373,113,383,8,2024-02-18 10:23:36.036454,584.1186744790554
374,22,401,3,2023-10-31 10:23:36.036454,653.5728463632718
375,24,230,9,2023-09-03 10:23:36.036454,579.4682773390396
376,235,83,8,2024-02-12 10:23:36.036454,596.3475109220351
377,90,1,8,2024-03-10 10:23:36.036454,919.069541635999
378,36,74,3,2023-06-08 10:23:36.036454,778.6453851445154
379,70,442,2,2024-01-29 10:23:36.036454,670.7201130448088
380,181,151,9,2024-05-13 10:23:36.036454,963.0372373427218
381,100,41,2,2024-02-10 10:23:36.036454,28.966170687681018
382,68,119,7,2023-11-22 10:23:36.036454,170.68760623716636
383,283,102,7,2023-08-26 10:23:36.036454,205.00459612287696
384,277,46,1,2023-07-19 10:23:36.036454,628.2009050554886
385,76,123,6,2024-03-05 10:23:36.036454,709.807281326143
386,211,343,5,2023-08-07 10:23:36.036454,906.2291892910965
387,21,423,4,2023-08-24 10:23:36.036454,414.3290648003926
388,262,188,5,2023-08-27 10:23:36.036454,463.23666681464107
389,291,239,3,2024-04-27 10:23:36.036454,94.73000593447023
390,23,173,5,2023-08-23 10:23:36.036454,560.6546173760041
391,173,236,5,2023-11-18 10:23:36.036454,505.96746125260125
392,256,344,3,2023-08-19 10:23:36.036454,351.2044082647197
393,280,350,1,2024-01-25 10:23:36.036454,322.8107803169733
394,151,457,2,2023-06-01 10:23:36.036454,428.9352817522943
395,120,335,4,2023-08-24 10:23:36.036454,628.0519078515117
396,17,416,1,2024-02-26 10:23:36.036454,768.1140393926127
397,210,354,1,2023-11-12 10:23:36.036454,652.4236812407071
398,34,382,8,2024-03-01 10:23:36.036454,74.30157759075996
399,142,48,8,2024-03-31 10:23:36.036454,255.1237450114723
400,276,65,5,2023-06-08 10:23:36.036454,854.6974723662105
401,79,382,9,2024-02-27 10:23:36.036454,597.3234692634948
402,9,67,5,2023-07-01 10:23:36.036454,654.6116875580437
403,102,387,2,2023-07-02 10:23:36.036454,837.8909116139024
404,79,450,9,2023-07-10 10:23:36.036454,730.4850103639463
405,101,410,3,2024-01-27 10:23:36.036454,399.40969585526267
406,230,366,4,2024-03-05 10:23:36.036454,346.16979861529273
407,42,213,4,2023-08-19 10:23:36.036454,365.35681796688533
408,165,197,7,2023-07-14 10:23:36.036454,622.8211382879097
409,221,36,6,2023-10-17 10:23:36.036454,618.1390957997916
410,278,245,3,2024-02-08 10:23:36.036454,383.60674172069594
411,200,371,3,2023-12-31 10:23:36.036454,705.1918541865658
412,264,294,1,2024-04-26 10:23:36.036454,983.4070363414561
413,71,111,2,2023-10-29 10:23:36.036454,139.78547820287795
414,22,305,4,2023-12-22 10:23:36.036454,520.0343343438492
415,285,384,2,2023-11-04 10:23:36.036454,860.8542856523316
416,272,185,2,2023-08-28 10:23:36.036454,652.6930324478045
417,211,170,2,2023-10-19 10:23:36.036454,289.1655163581357
418,230,412,8,2023-09-21 10:23:36.036454,148.51844042572893
419,11,306,4,2023-09-25 10:23:36.036454,24.752727341749328
420,295,376,5,2023-12-09 10:23:36.036454,799.7332326339788
421,285,458,4,2024-03-13 10:23:36.036454,345.09460289546934
422,180,323,8,2023-12-20 10:23:36.036454,132.8028425364733
423,184,70,4,2024-05-21 10:23:36.036454,519.4802282441358
424,25,94,4,2024-04-13 10:23:36.036454,836.4937609044841
425,166,106,7,2024-01-14 10:23:36.036454,117.47245666025846
426,284,218,1,2023-05-25 10:23:36.036454,456.44765005301565
427,82,170,1,2023-08-11 10:23:36.036454,145.86087196998764
428,13,328,8,2023-06-14 10:23:36.036454,861.1853732761766
429,11,213,1,2023-12-14 10:23:36.036454,240.40031517250392
430,153,143,5,2024-02-05 10:23:36.036454,146.6989483733307
431,196,194,9,2023-07-13 10:23:36.036454,740.3765538765991
432,130,411,4,2023-07-22 10:23:36.036454,158.80537048082704
433,92,18,2,2024-04-17 10:23:36.036454,873.2511452511978
434,255,480,8,2024-04-21 10:23:36.036454,726.0741413945784
435,292,211,4,2023-10-24 10:23:36.036454,562.0590929909749
436,7,82,8,2024-03-11 10:23:36.036454,456.4554599824303
437,17,342,4,2024-03-09 10:23:36.036454,691.9242059632907
438,233,418,2,2023-09-18 10:23:36.036454,29.400876572081035
439,244,233,2,2024-02-29 10:23:36.036454,51.128335129986745
440,161,42,7,2024-01-18 10:23:36.036454,588.081680337827
441,259,344,8,2023-11-03 10:23:36.036454,518.4421194181359
442,205,51,8,2024-03-01 10:23:36.036454,646.5114400602941
443,222,432,6,2023-06-26 10:23:36.036454,935.3814748951638
444,166,402,9,2023-10-20 10:23:36.036454,750.5865774290859
445,16,7,3,2023-11-03 10:23:36.036454,714.1209392267032
446,230,160,9,2023-07-24 10:23:36.036454,481.857255014204
447,209,288,8,2024-02-12 10:23:36.036454,572.737761619267
448,129,192,9,2024-01-15 10:23:36.036454,228.45253561465674
449,129,228,5,2023-11-24 10:23:36.036454,664.5239866831198
450,42,244,7,2024-04-15 10:23:36.036454,338.08514846863216
451,132,480,6,2024-01-27 10:23:36.036454,18.79375362526872
452,270,201,4,2024-01-01 10:23:36.036454,161.87069905314596
453,295,386,5,2024-03-11 10:23:36.036454,616.5841724463195
454,111,152,2,2023-10-29 10:23:36.036454,634.6087256971416
455,59,130,6,2024-03-19 10:23:36.036454,907.0679291609285
456,131,318,7,2023-07-27 10:23:36.036454,53.89301538416106
457,18,302,9,2023-06-12 10:23:36.036454,561.9513370378352
458,70,402,8,2024-03-05 10:23:36.036454,117.94639415193531
459,177,226,6,2024-02-06 10:23:36.036454,193.24716498442044
460,69,187,1,2023-10-07 10:23:36.036454,321.94483300088007
461,225,237,7,2024-03-10 10:23:36.036454,668.8084803728624
462,267,168,6,2023-06-12 10:23:36.036454,542.4286405594862
463,238,268,8,2024-01-01 10:23:36.036454,708.433694178448
464,171,183,8,2023-12-06 10:23:36.036454,22.33368838663104
465,298,393,3,2024-05-16 10:23:36.036454,358.2517445114967
466,5,491,7,2023-06-30 10:23:36.036454,724.6220978489323
467,216,266,8,2024-03-22 10:23:36.036454,82.93625942287042
468,244,192,5,2023-08-29 10:23:36.036454,853.8682869834162
469,23,338,5,2023-12-14 10:23:36.036454,490.8153267412918
470,39,76,2,2023-08-27 10:23:36.036454,320.868391991566
471,55,169,3,2024-03-30 10:23:36.036454,222.4154074990691
472,14,468,7,2023-07-05 10:23:36.036454,45.07721330129162
473,105,296,7,2023-07-20 10:23:36.036454,435.9394806586034
474,197,99,3,2023-09-23 10:23:36.036454,755.8162016653223
475,74,407,5,2024-01-24 10:23:36.036454,908.4786713579456
476,88,364,8,2023-06-18 10:23:36.036454,984.2747743488789
477,182,228,6,2023-10-10 10:23:36.036454,318.67447613119566
478,144,25,8,2023-12-21 10:23:36.036454,466.5942444429357
479,37,141,2,2024-03-19 10:23:36.036454,685.2285304161385
480,24,61,2,2023-08-18 10:23:36.036454,239.19622667404002
481,76,245,6,2023-07-14 10:23:36.036454,331.966656052318
482,164,184,5,2023-10-02 10:23:36.036454,21.82112476725746
483,149,445,6,2024-03-04 10:23:36.036454,173.2969062050218
484,221,344,4,2024-04-15 10:23:36.036454,167.92798294411958
485,108,127,2,2023-11-29 10:23:36.036454,333.4321360279143
486,275,169,9,2024-01-03 10:23:36.036454,719.1456223177586
487,67,149,2,2024-05-01 10:23:36.036454,355.7871856859337
488,214,410,1,2023-11-08 10:23:36.036454,699.979360839225
489,283,272,3,2024-01-12 10:23:36.036454,319.55433272052704
490,235,90,8,2024-03-25 10:23:36.036454,622.0684212588138
491,88,179,7,2023-07-06 10:23:36.036454,660.7456428195941
492,197,9,4,2023-09-26 10:23:36.036454,53.2727900174409
493,159,163,4,2023-10-16 10:23:36.036454,140.6438003732322
494,81,318,6,2023-07-27 10:23:36.036454,495.4728698026787
495,210,298,5,2024-02-25 10:23:36.036454,222.48353837785766
496,152,179,1,2023-05-24 10:23:36.036454,856.5887706171551
497,17,19,1,2023-06-02 10:23:36.036454,817.8963957944075
498,271,370,5,2023-09-15 10:23:36.036454,509.60348837083217
499,212,125,9,2023-12-24 10:23:36.036454,356.2032661000214
500,187,43,8,2024-01-27 10:23:36.036454,623.3182195995282
501,84,48,5,2023-08-28 10:23:36.036454,220.4921939931123
502,62,364,8,2024-03-30 10:23:36.036454,896.370256317925
503,42,317,3,2024-04-06 10:23:36.036454,47.81341174070709
504,293,216,1,2023-07-18 10:23:36.036454,269.05563519492534
505,70,138,4,2023-07-20 10:23:36.036454,621.1005888292588
506,223,486,7,2023-11-18 10:23:36.036454,281.73908851899597
507,64,345,1,2024-01-19 10:23:36.036454,807.6719956302596
508,112,123,6,2023-06-16 10:23:36.036454,599.7368623327952
509,245,413,6,2023-09-11 10:23:36.036454,331.22227250946816
510,43,418,6,2023-05-28 10:23:36.036454,135.113727304929
511,294,367,6,2023-10-13 10:23:36.036454,751.0762475603328
512,210,262,2,2023-10-19 10:23:36.036454,593.4489629406019
513,195,230,3,2024-04-22 10:23:36.036454,201.03120865545304
514,137,39,6,2023-06-30 10:23:36.036454,664.5621299144583
515,35,187,4,2024-03-29 10:23:36.036454,793.056172419568
516,150,74,8,2023-12-30 10:23:36.036454,171.18925787682625
517,11,489,8,2024-01-01 10:23:36.036454,163.42813956049872
518,84,319,6,2024-01-14 10:23:36.036454,305.5757637553196
519,116,442,1,2023-06-29 10:23:36.036454,414.638841957222
520,249,191,8,2023-09-04 10:23:36.036454,560.6532093259614
521,26,491,8,2023-12-05 10:23:36.036454,414.010531938277
522,84,40,2,2023-10-20 10:23:36.036454,704.9944332455365
523,183,464,8,2023-06-15 10:23:36.036454,429.02490383677474
524,149,375,8,2024-01-14 10:23:36.036454,229.85137205497335
525,259,212,1,2023-11-21 10:23:36.036454,976.8606060910482
526,116,12,2,2024-04-09 10:23:36.036454,902.038787464237
527,14,476,5,2024-05-15 10:23:36.036454,845.8522975590519
528,62,129,5,2024-03-31 10:23:36.036454,869.7839129758567
529,56,327,7,2023-05-22 10:23:36.036454,315.54078552062686
530,130,442,1,2023-09-16 10:23:36.036454,452.15104361832147
531,16,419,8,2024-01-18 10:23:36.036454,794.8177712757908
532,92,217,2,2023-07-27 10:23:36.036454,341.95957958531216
533,163,59,6,2023-09-11 10:23:36.036454,307.5453137703953
534,105,96,5,2024-01-29 10:23:36.036454,703.9943327955842
535,8,131,1,2023-07-24 10:23:36.036454,500.2755815533911
536,183,152,8,2023-10-12 10:23:36.036454,309.4393696431715
537,268,258,8,2023-06-16 10:23:36.036454,515.4680466752484
538,277,428,4,2024-01-06 10:23:36.036454,225.6441406302606
539,273,122,3,2024-03-29 10:23:36.036454,884.5022347348405
540,244,400,2,2023-05-25 10:23:36.036454,270.9966904602138
541,178,188,9,2023-09-15 10:23:36.036454,483.1543468969257
542,228,237,1,2023-08-08 10:23:36.036454,696.3622020249941
543,103,381,1,2023-07-16 10:23:36.036454,187.6419891943111
544,249,219,2,2023-08-06 10:23:36.036454,722.8757298382764
545,131,374,9,2023-11-11 10:23:36.036454,97.04167733066727
546,129,390,7,2023-07-16 10:23:36.036454,713.6458402970109
547,219,139,6,2023-08-30 10:23:36.036454,521.782738560149
548,221,336,6,2023-06-15 10:23:36.036454,903.8428338149411
549,18,303,8,2023-11-08 10:23:36.036454,663.413446051062
550,33,455,6,2024-04-30 10:23:36.036454,444.8789050978341
551,117,340,8,2023-07-18 10:23:36.036454,62.783806708603734
552,217,137,9,2024-03-27 10:23:36.036454,485.06269247430396
553,204,204,2,2023-07-24 10:23:36.036454,414.7108661317274
554,258,10,6,2023-06-27 10:23:36.036454,469.6914518012103
555,282,208,9,2024-04-01 10:23:36.036454,625.3072731795785
556,140,65,2,2023-08-01 10:23:36.036454,900.2632163509666
557,172,134,8,2024-04-03 10:23:36.036454,17.892209700563267
558,171,300,7,2024-03-22 10:23:36.036454,112.37808550148344
559,156,488,6,2024-01-20 10:23:36.036454,573.170777220867
560,49,160,7,2023-11-19 10:23:36.036454,780.1747620387279
561,115,111,2,2023-07-29 10:23:36.036454,482.93196463965785
562,224,10,1,2023-06-12 10:23:36.036454,511.6349671697233
563,278,163,6,2023-05-24 10:23:36.036454,225.21580850576768
564,40,32,9,2023-07-17 10:23:36.036454,388.7748415673516
565,5,144,2,2023-10-19 10:23:36.036454,191.05700045223426
566,240,357,1,2023-11-02 10:23:36.036454,754.009092191044
567,286,414,6,2024-05-01 10:23:36.036454,450.2391822417944
568,26,294,5,2023-11-26 10:23:36.036454,225.1168393314713
569,75,318,8,2023-06-25 10:23:36.036454,644.0414323163043
570,163,165,2,2023-10-09 10:23:36.036454,893.879350334027
571,102,195,1,2023-09-29 10:23:36.036454,886.8589562965632
572,119,465,4,2023-08-02 10:23:36.036454,445.43603697009553
573,185,7,3,2023-08-28 10:23:36.036454,221.46750133812606
574,109,171,6,2024-05-02 10:23:36.036454,610.5115542213645
575,198,174,2,2023-10-30 10:23:36.036454,937.4114440392799
576,235,223,7,2023-07-05 10:23:36.036454,47.18603711212343
577,244,231,1,2023-10-13 10:23:36.036454,66.16947108124204
578,183,372,3,2023-06-14 10:23:36.036454,671.4717002451532
579,38,106,9,2024-05-08 10:23:36.036454,944.4590306066189
580,171,349,7,2024-02-01 10:23:36.036454,156.89165887382055
581,97,337,9,2023-08-05 10:23:36.036454,169.5085809940633
582,80,128,4,2024-02-19 10:23:36.036454,670.6954174297077
583,54,17,2,2024-05-09 10:23:36.036454,829.5218534395664
584,139,427,5,2023-07-04 10:23:36.036454,304.5399256446132
585,132,484,1,2023-12-05 10:23:36.036454,115.83676157987504
586,140,316,3,2024-04-01 10:23:36.036454,562.7583031157751
587,290,281,1,2023-12-24 10:23:36.036454,929.0279344734386
588,145,173,3,2023-10-23 10:23:36.036454,536.3082885107374
589,254,104,1,2024-05-07 10:23:36.036454,193.7550743813864
590,66,493,7,2023-10-01 10:23:36.036454,742.667484049543
591,18,185,3,2024-01-13 10:23:36.036454,135.73775519709596
592,282,146,9,2023-11-20 10:23:36.036454,519.826378733521
593,83,158,6,2023-06-07 10:23:36.036454,367.9581701410123
594,184,338,5,2023-11-27 10:23:36.036454,523.6628618470758
595,95,15,2,2023-11-23 10:23:36.036454,760.365747401504
596,20,313,6,2024-01-15 10:23:36.036454,126.22971209383961
597,54,84,3,2024-01-01 10:23:36.036454,182.06310950063448
598,230,176,8,2023-10-06 10:23:36.036454,512.26208670654
599,83,216,4,2024-04-27 10:23:36.036454,221.07392013450584
600,261,498,5,2023-12-07 10:23:36.036454,843.6149093256762
601,39,12,7,2023-09-30 10:23:36.036454,504.75956327409307
602,190,487,1,2023-05-30 10:23:36.036454,839.5995532588471
603,45,279,5,2023-07-01 10:23:36.036454,735.998407988872
604,186,246,2,2024-01-08 10:23:36.036454,746.3965787900818
605,15,118,5,2024-02-29 10:23:36.036454,390.3464118907009
606,35,461,5,2024-02-04 10:23:36.036454,444.84056602378064
607,12,66,3,2023-08-10 10:23:36.036454,766.0312192950493
608,206,304,4,2023-08-15 10:23:36.036454,21.104284699218002
609,259,425,6,2023-06-25 10:23:36.036454,396.04264129989235
610,174,49,1,2023-12-09 10:23:36.036454,838.2187720698961
611,13,110,3,2023-10-29 10:23:36.036454,728.4699853679455
612,216,497,5,2023-11-25 10:23:36.036454,709.8838013961515
613,19,286,4,2024-02-23 10:23:36.036454,549.9113761321886
614,215,90,8,2023-09-09 10:23:36.036454,146.00269365432825
615,78,80,3,2024-04-06 10:23:36.036454,312.5570164159224
616,78,389,3,2023-12-03 10:23:36.036454,141.0236394795843
617,204,368,3,2023-11-23 10:23:36.036454,197.72883967904008
618,258,201,1,2023-07-11 10:23:36.036454,771.0820228252379
619,107,205,5,2023-08-20 10:23:36.036454,327.54605046421
620,216,376,8,2024-01-26 10:23:36.036454,384.3013968177396
621,181,210,3,2023-12-11 10:23:36.036454,617.8584069838932
622,105,300,7,2023-12-17 10:23:36.036454,51.18100204838459
623,24,160,6,2024-03-31 10:23:36.036454,564.432077195248
624,134,182,9,2024-04-05 10:23:36.036454,337.61164124837137
625,154,53,6,2023-06-29 10:23:36.036454,393.9300497479467
626,72,443,6,2023-10-27 10:23:36.036454,424.0067191987852
627,98,481,6,2023-12-13 10:23:36.036454,879.8718396034141
628,112,381,4,2023-07-08 10:23:36.036454,119.12241310646515
629,247,159,9,2023-09-10 10:23:36.036454,615.2554779016717
630,125,268,5,2023-06-29 10:23:36.036454,75.80923295790446
631,193,197,3,2024-02-16 10:23:36.036454,615.6343207388903
632,263,430,2,2023-11-08 10:23:36.036454,446.75023108645325
633,43,248,8,2024-02-08 10:23:36.036454,884.9501405872682
634,98,232,8,2024-01-07 10:23:36.036454,530.3051866186938
635,237,414,5,2023-05-25 10:23:36.036454,15.155751750958121
636,101,225,7,2023-09-16 10:23:36.036454,58.75077962635978
637,123,462,5,2023-11-24 10:23:36.036454,140.5488982412398
638,196,89,3,2023-12-01 10:23:36.036454,964.4388500719423
639,142,145,8,2023-10-10 10:23:36.036454,172.96902113295243
640,293,267,8,2023-11-18 10:23:36.036454,849.9567809908908
641,187,168,8,2024-03-01 10:23:36.036454,470.88949043865017
642,49,233,9,2024-02-25 10:23:36.036454,462.16074466649536
643,14,87,6,2023-12-08 10:23:36.036454,898.6167943943287
644,280,454,6,2024-05-13 10:23:36.036454,952.8233531732925
645,274,192,1,2024-03-25 10:23:36.036454,519.1072992119925
646,8,327,9,2024-02-14 10:23:36.036454,56.258207416950405
647,183,488,1,2023-07-29 10:23:36.036454,350.2326767539451
648,243,206,8,2023-12-15 10:23:36.036454,151.1509519185714
649,154,319,6,2023-09-05 10:23:36.036454,670.7089169939682
650,235,310,7,2023-05-29 10:23:36.036454,163.61527764474283
651,153,70,6,2023-06-28 10:23:36.036454,273.54873220449724
652,175,310,7,2023-08-09 10:23:36.036454,438.2351077509545
653,104,500,8,2023-12-22 10:23:36.036454,507.9278770886093
654,65,300,2,2023-08-09 10:23:36.036454,148.18732581193316
655,250,367,1,2023-08-20 10:23:36.036454,562.4559459181479
656,10,473,7,2024-02-20 10:23:36.036454,311.62286327621024
657,218,163,5,2023-10-31 10:23:36.036454,185.1180760935071
658,115,125,2,2023-07-10 10:23:36.036454,195.0739093715685
659,300,285,2,2023-05-31 10:23:36.036454,279.20724958462955
660,24,236,4,2024-04-13 10:23:36.036454,982.530114441264
661,24,46,7,2024-02-10 10:23:36.036454,15.79759611880007
662,281,186,7,2024-04-04 10:23:36.036454,942.9709461381062
663,68,372,8,2024-04-05 10:23:36.036454,243.94895300414015
664,152,442,5,2023-05-23 10:23:36.036454,114.79282082585064
665,173,328,5,2023-07-20 10:23:36.036454,939.1055128140295
666,165,277,4,2023-06-17 10:23:36.036454,268.28034018653557
667,126,432,3,2023-10-27 10:23:36.036454,630.0706056818419
668,220,426,3,2024-01-08 10:23:36.036454,274.3077720395982
669,255,81,1,2024-03-08 10:23:36.036454,334.20916699151735
670,159,185,6,2023-11-29 10:23:36.036454,47.242453512952416
671,16,438,9,2023-08-23 10:23:36.036454,916.5623602560472
672,142,88,9,2023-11-22 10:23:36.036454,272.20226426742073
673,158,469,4,2023-10-31 10:23:36.036454,816.8342169603432
674,133,461,2,2024-03-14 10:23:36.036454,281.0273456083415
675,81,162,8,2023-11-06 10:23:36.036454,731.4559929931189
676,251,147,8,2024-03-29 10:23:36.036454,342.17281718058916
677,88,448,2,2023-12-23 10:23:36.036454,825.5646994239256
678,74,104,2,2023-07-12 10:23:36.036454,296.7291666125994
679,73,231,7,2023-08-04 10:23:36.036454,473.39291264983063
680,231,123,9,2024-04-09 10:23:36.036454,890.403785901503
681,109,302,8,2023-12-08 10:23:36.036454,958.0002744989897
682,137,495,2,2024-01-27 10:23:36.036454,44.508404000423596
683,225,399,9,2023-10-08 10:23:36.036454,119.66752616737274
684,35,487,4,2024-05-01 10:23:36.036454,351.0018205272632
685,73,251,6,2024-01-17 10:23:36.036454,34.46947234581751
686,220,56,1,2023-08-15 10:23:36.036454,295.1137458053715
687,265,303,3,2024-03-03 10:23:36.036454,172.05019248454576
688,109,166,3,2023-06-15 10:23:36.036454,930.8686290358715
689,106,461,8,2024-01-02 10:23:36.036454,429.26278767455204
690,152,80,4,2024-05-08 10:23:36.036454,603.6096800360456
691,275,232,9,2023-09-11 10:23:36.036454,923.2488305364475
692,196,482,7,2024-01-28 10:23:36.036454,821.1841438062432
693,182,4,6,2023-06-01 10:23:36.036454,323.58284568749735
694,135,17,5,2024-01-30 10:23:36.036454,341.96619685340914
695,126,339,3,2024-01-17 10:23:36.036454,849.8665062465923
696,171,434,8,2024-01-27 10:23:36.036454,674.3296363310518
697,249,498,3,2023-10-09 10:23:36.036454,706.7008017754902
698,38,432,9,2023-06-25 10:23:36.036454,241.45734301088092
699,162,36,1,2024-02-01 10:23:36.036454,498.47052858160896
700,233,209,5,2024-03-08 10:23:36.036454,538.4995727879309
701,123,131,7,2024-05-15 10:23:36.036454,312.85728480376173
702,176,358,8,2023-12-22 10:23:36.036454,590.5195436141515
703,42,61,9,2024-01-18 10:23:36.036454,324.97189033903874
704,79,389,1,2024-05-11 10:23:36.036454,899.228201589256
705,87,324,9,2023-07-13 10:23:36.036454,939.5745306462965
706,95,268,2,2023-09-17 10:23:36.036454,723.8692893523247
707,25,12,6,2023-10-10 10:23:36.036454,183.13542599016
708,127,241,9,2023-10-22 10:23:36.036454,615.0990812907831
709,295,364,9,2023-08-11 10:23:36.036454,342.04048715097963
710,173,147,8,2023-08-13 10:23:36.036454,716.4376799496148
711,190,200,1,2023-08-05 10:23:36.036454,814.583043658707
712,232,412,3,2024-02-13 10:23:36.036454,462.2252939897882
713,270,385,1,2023-10-23 10:23:36.036454,137.44818606443138
714,263,182,7,2024-02-16 10:23:36.036454,283.6196964746825
715,5,359,1,2023-08-30 10:23:36.036454,357.2654247452634
716,37,256,8,2023-07-29 10:23:36.036454,143.87607429139308
717,80,325,1,2023-10-30 10:23:36.036454,356.01991691113807
718,167,215,5,2023-07-05 10:23:36.036454,503.94152266083813
719,280,63,4,2023-08-01 10:23:36.036454,548.6707277007583
720,223,73,7,2023-11-05 10:23:36.036454,887.5506165640021
721,38,132,4,2024-01-09 10:23:36.036454,299.358898577797
722,11,413,3,2023-05-26 10:23:36.036454,346.2135716302225
723,130,377,1,2023-11-17 10:23:36.036454,382.85974311365084
724,208,56,1,2024-01-08 10:23:36.036454,243.96483114833674
725,297,85,5,2023-10-14 10:23:36.036454,88.02337793397754
726,40,207,1,2023-11-14 10:23:36.036454,162.1160367011034
727,261,170,1,2023-11-17 10:23:36.036454,45.30338543748978
728,276,457,7,2024-01-22 10:23:36.036454,485.1446334257369
729,272,398,1,2023-12-10 10:23:36.036454,867.2922921772308
730,107,106,5,2023-08-19 10:23:36.036454,55.353717414818334
731,121,49,6,2023-11-21 10:23:36.036454,302.34741848252685
732,168,322,6,2024-04-12 10:23:36.036454,185.88540078763015
733,214,38,5,2023-06-02 10:23:36.036454,34.41926684087627
734,36,450,4,2024-03-14 10:23:36.036454,968.1179748375256
735,270,246,4,2023-12-09 10:23:36.036454,601.922651574448
736,270,123,7,2023-05-28 10:23:36.036454,982.2515976886311
737,178,130,2,2024-01-16 10:23:36.036454,140.8677688203144
738,185,148,5,2023-08-20 10:23:36.036454,688.5148028156347
739,299,223,5,2023-07-30 10:23:36.036454,428.15465922080443
740,14,394,3,2024-03-17 10:23:36.036454,82.04859133693334
741,222,350,5,2024-04-02 10:23:36.036454,185.76072454932427
742,107,285,7,2023-09-05 10:23:36.036454,361.44808714554966
743,135,298,6,2023-05-25 10:23:36.036454,988.9987618685627
744,123,381,3,2023-09-21 10:23:36.036454,712.3449749745876
745,135,75,5,2023-08-21 10:23:36.036454,701.0827505222678
746,251,145,5,2023-12-13 10:23:36.036454,985.3202370228275
747,87,111,7,2024-03-29 10:23:36.036454,636.1300822339606
748,144,186,6,2023-07-17 10:23:36.036454,900.9020987068442
749,41,182,7,2024-01-26 10:23:36.036454,785.5442533866411
750,56,146,2,2023-11-25 10:23:36.036454,460.84152896404686
751,230,473,9,2023-05-28 10:23:36.036454,95.7374444769562
752,275,80,3,2023-06-26 10:23:36.036454,715.0537673218163
753,281,317,1,2023-08-12 10:23:36.036454,89.61515773592605
754,26,238,1,2024-01-28 10:23:36.036454,233.9060558656664
755,269,220,2,2023-09-26 10:23:36.036454,606.2500192789867
756,179,148,5,2024-01-05 10:23:36.036454,366.99699948899314
757,111,372,4,2023-08-01 10:23:36.036454,820.2084656779849
758,195,348,3,2024-04-24 10:23:36.036454,937.8224722870444
759,114,74,3,2023-09-29 10:23:36.036454,542.0982836457662
760,132,147,2,2023-07-10 10:23:36.036454,501.77766156129434
761,153,193,3,2023-10-10 10:23:36.036454,852.0136003731477
762,177,319,4,2023-09-10 10:23:36.036454,697.7764160958178
763,284,15,9,2023-07-24 10:23:36.036454,301.8750269399084
764,30,106,5,2023-10-11 10:23:36.036454,877.9235332365959
765,90,152,1,2024-04-18 10:23:36.036454,729.1627756399804
766,103,293,1,2024-02-24 10:23:36.036454,594.5556377261156
767,170,130,4,2024-05-10 10:23:36.036454,439.86295859198646
768,270,361,3,2023-08-09 10:23:36.036454,733.9128173213012
769,174,373,9,2023-10-05 10:23:36.036454,438.4749660136851
770,254,499,8,2023-08-09 10:23:36.036454,770.1933843672875
771,129,203,3,2023-06-24 10:23:36.036454,839.7489445622334
772,97,310,6,2024-04-22 10:23:36.036454,659.0138319887388
773,96,86,1,2023-11-26 10:23:36.036454,265.2675459156262
774,54,173,9,2023-09-20 10:23:36.036454,159.7741262352205
775,43,78,5,2023-05-26 10:23:36.036454,889.4629354246279
776,245,427,8,2024-03-07 10:23:36.036454,155.075329455051
777,221,158,3,2024-04-19 10:23:36.036454,686.8721427256231
778,297,188,9,2023-06-07 10:23:36.036454,159.40842661543056
779,64,433,3,2023-11-22 10:23:36.036454,739.0824061332931
780,156,243,2,2024-04-18 10:23:36.036454,652.8331813637211
781,173,85,5,2024-01-01 10:23:36.036454,856.8829938269349
782,185,263,2,2023-08-04 10:23:36.036454,367.0406492828828
783,30,88,4,2024-01-13 10:23:36.036454,789.4786670795474
784,86,449,8,2024-05-07 10:23:36.036454,326.05624360038433
785,36,8,6,2023-05-22 10:23:36.036454,666.6393679989322
786,83,474,8,2023-07-20 10:23:36.036454,24.44317295571967
787,132,172,3,2023-09-13 10:23:36.036454,940.2606147839313
788,266,155,7,2023-10-14 10:23:36.036454,252.51326679589428
789,87,113,6,2023-05-27 10:23:36.036454,927.4680110195776
790,276,140,4,2024-03-14 10:23:36.036454,863.8240917915203
791,297,390,4,2023-11-01 10:23:36.036454,841.1328734712328
792,227,395,6,2024-02-01 10:23:36.036454,304.409664910057
793,278,325,5,2023-06-18 10:23:36.036454,708.9985523278988
794,200,179,5,2023-10-03 10:23:36.036454,255.68498995090462
795,43,230,3,2023-12-15 10:23:36.036454,908.0146961786816
796,63,457,7,2023-08-20 10:23:36.036454,784.5474714415045
797,252,454,4,2023-05-31 10:23:36.036454,506.02390164246765
798,227,420,4,2023-06-11 10:23:36.036454,599.6156004808091
799,9,423,2,2023-12-18 10:23:36.036454,59.23202229958678
800,271,392,5,2023-12-04 10:23:36.036454,620.5367865337258
801,288,263,9,2024-01-23 10:23:36.036454,966.7729915781235
802,162,115,6,2023-08-04 10:23:36.036454,418.261720656958
803,240,102,1,2023-09-04 10:23:36.036454,111.67334900977177
804,2,333,8,2023-10-26 10:23:36.036454,921.7486087052166
805,250,200,3,2024-03-09 10:23:36.036454,962.9447114399311
806,8,50,8,2023-08-19 10:23:36.036454,353.86127661017935
807,61,165,9,2023-06-08 10:23:36.036454,825.0111687445851
808,283,34,9,2023-07-26 10:23:36.036454,929.718450017263
809,172,277,5,2023-12-12 10:23:36.036454,527.4014182787356
810,220,268,5,2024-05-18 10:23:36.036454,870.9917720965983
811,157,371,5,2023-07-14 10:23:36.036454,906.4520129610954
812,250,437,2,2024-04-24 10:23:36.036454,901.7529779105114
813,89,486,2,2023-05-23 10:23:36.036454,447.3921369507589
814,33,28,6,2023-11-20 10:23:36.036454,78.84170712265261
815,212,284,1,2023-07-26 10:23:36.036454,126.26360047344845
816,254,124,5,2024-03-21 10:23:36.036454,523.9330776596813
817,134,129,5,2024-04-15 10:23:36.036454,992.9330334752724
818,130,370,5,2023-07-12 10:23:36.036454,75.1708727156063
819,79,345,6,2024-04-19 10:23:36.036454,397.48666569945743
820,260,326,4,2023-08-24 10:23:36.036454,16.0972143455527
821,298,123,1,2023-10-23 10:23:36.036454,576.791501156591
822,220,345,1,2024-02-29 10:23:36.036454,878.1651530164553
823,35,229,2,2024-02-12 10:23:36.036454,629.4119358913138
824,107,21,7,2024-01-15 10:23:36.036454,720.2989812854996
825,24,305,1,2023-07-19 10:23:36.036454,677.4747007917538
826,238,276,9,2024-02-20 10:23:36.036454,482.8887585533989
827,219,46,8,2024-02-19 10:23:36.036454,225.5462492621317
828,99,96,4,2024-05-06 10:23:36.036454,751.707059030394
829,153,416,9,2023-06-24 10:23:36.036454,877.4719677795938
830,83,32,1,2023-09-11 10:23:36.036454,609.6878625520305
831,190,452,3,2024-03-21 10:23:36.036454,415.627105965663
832,154,262,4,2023-12-04 10:23:36.036454,109.2826846002129
833,234,31,1,2024-04-06 10:23:36.036454,245.51556831664388
834,213,114,5,2024-04-03 10:23:36.036454,545.5223351160324
835,95,293,3,2023-10-28 10:23:36.036454,970.991752748349
836,278,291,4,2023-08-02 10:23:36.036454,673.8955280136134
837,131,233,1,2023-05-29 10:23:36.036454,261.5095821780361
838,280,269,1,2023-06-06 10:23:36.036454,691.4809141053908
839,239,391,4,2023-11-05 10:23:36.036454,238.26829623225137
840,96,160,1,2023-10-26 10:23:36.036454,231.50819687054835
841,253,317,8,2023-11-08 10:23:36.036454,211.92260808088298
842,199,99,1,2023-05-31 10:23:36.036454,800.2554882355921
843,264,59,6,2023-09-22 10:23:36.036454,524.9119947499977
844,11,42,3,2024-03-12 10:23:36.036454,536.717254292342
845,191,99,5,2023-11-28 10:23:36.036454,735.9949689958638
846,3,272,5,2024-02-18 10:23:36.036454,803.2107158670486
847,42,108,8,2024-04-02 10:23:36.036454,915.9587907200673
848,113,244,4,2023-12-14 10:23:36.036454,325.17105657850533
849,283,285,7,2023-11-22 10:23:36.036454,213.39789304909615
850,203,291,8,2024-02-21 10:23:36.036454,809.3596590151503
851,80,431,2,2023-05-25 10:23:36.036454,405.5730740508453
852,46,56,2,2023-10-14 10:23:36.036454,372.0540090938765
853,245,444,7,2024-01-13 10:23:36.036454,294.7926828232052
854,221,389,4,2023-09-09 10:23:36.036454,955.4523442102345
855,85,98,5,2024-04-05 10:23:36.036454,451.7108055350787
856,60,403,3,2024-02-17 10:23:36.036454,453.0774700854635
857,263,308,1,2024-01-09 10:23:36.036454,81.8531208288799
858,286,229,5,2023-10-29 10:23:36.036454,498.0928174879666
859,258,1,7,2024-02-09 10:23:36.036454,393.3983407094715
860,225,378,2,2024-01-26 10:23:36.036454,932.2630963935704
861,1,301,9,2023-11-24 10:23:36.036454,343.9453014117483
862,21,247,8,2023-06-25 10:23:36.036454,959.5056637250619
863,168,89,6,2023-07-02 10:23:36.036454,545.0887647485341
864,63,254,2,2024-04-10 10:23:36.036454,531.176461016047
865,54,258,8,2023-11-30 10:23:36.036454,545.2901747662332
866,126,476,4,2023-10-03 10:23:36.036454,857.2746274353062
867,79,150,2,2024-04-03 10:23:36.036454,261.10766174007347
868,115,434,7,2023-08-27 10:23:36.036454,819.7049476804299
869,176,125,7,2024-01-11 10:23:36.036454,91.13150282584564
870,192,138,5,2024-05-11 10:23:36.036454,175.53474173711672
871,146,281,9,2023-07-16 10:23:36.036454,626.5168422458287
872,198,155,8,2024-04-20 10:23:36.036454,923.807819475319
873,55,221,6,2023-08-10 10:23:36.036454,695.4646392099672
874,91,489,5,2024-04-21 10:23:36.036454,921.6967068233661
875,70,473,6,2023-06-07 10:23:36.036454,986.2387156962608
876,88,244,8,2023-11-12 10:23:36.036454,436.870691863711
877,146,160,5,2024-04-03 10:23:36.036454,728.4419786317104
878,240,488,4,2024-02-25 10:23:36.036454,592.774153975985
879,118,236,7,2024-05-21 10:23:36.036454,979.4699533222008
880,108,82,1,2023-08-25 10:23:36.036454,941.3944491245948
881,145,33,7,2024-05-15 10:23:36.036454,703.4701189393833
882,29,217,2,2024-05-19 10:23:36.036454,619.5642533771384
883,34,153,9,2023-12-06 10:23:36.036454,508.7688889833484
884,265,463,7,2023-11-07 10:23:36.036454,693.7503930893922
885,227,222,2,2023-12-17 10:23:36.036454,217.31261640520512
886,87,319,9,2024-05-07 10:23:36.036454,969.2292162069448
887,291,270,1,2023-08-05 10:23:36.036454,552.3167629510245
888,98,92,2,2023-08-07 10:23:36.036454,350.1966642491084
889,199,390,3,2023-11-12 10:23:36.036454,947.9832602985815
890,35,382,4,2024-04-16 10:23:36.036454,398.8502300898948
891,140,107,5,2024-02-23 10:23:36.036454,132.51425752144306
892,96,251,3,2024-02-15 10:23:36.036454,370.15936162690184
893,35,161,1,2023-07-01 10:23:36.036454,329.606710987005
894,210,266,6,2023-07-09 10:23:36.036454,752.6260084156377
895,212,52,3,2023-09-09 10:23:36.036454,959.4745750980087
896,233,151,5,2024-02-18 10:23:36.036454,230.36320504346838
897,146,305,6,2023-08-21 10:23:36.036454,164.39889937143437
898,242,286,5,2024-01-31 10:23:36.036454,610.8493013155365
899,147,78,4,2023-11-27 10:23:36.036454,976.8957607089449
900,124,79,5,2024-04-02 10:23:36.036454,24.203915687866925
901,71,384,5,2023-06-07 10:23:36.036454,737.6556070875155
902,88,393,5,2024-03-03 10:23:36.036454,749.9403307448252
903,153,427,7,2023-07-19 10:23:36.036454,318.9513918870551
904,267,306,3,2023-11-12 10:23:36.036454,602.5066204510418
905,235,79,6,2023-08-02 10:23:36.036454,336.334566074641
906,19,479,8,2024-02-21 10:23:36.036454,397.9741839988149
907,232,491,6,2023-10-09 10:23:36.036454,648.7618204360577
908,79,327,2,2023-05-26 10:23:36.036454,680.1691491638305
909,96,395,7,2024-02-21 10:23:36.036454,262.8042487275466
910,118,390,1,2023-09-05 10:23:36.036454,891.9556196510433
911,133,135,9,2024-03-06 10:23:36.036454,394.1277094498196
912,120,467,3,2023-10-07 10:23:36.036454,664.2249812067669
913,274,236,7,2024-05-06 10:23:36.036454,289.2370569149343
914,81,429,2,2023-07-08 10:23:36.036454,65.59771019408242
915,219,152,4,2024-05-02 10:23:36.036454,458.18656048932354
916,102,73,8,2023-08-20 10:23:36.036454,125.94072355604436
917,246,167,8,2024-03-21 10:23:36.036454,525.6233142831346
918,93,177,1,2023-12-14 10:23:36.036454,881.0889333852814
919,123,373,9,2023-12-24 10:23:36.036454,753.3723811466521
920,172,225,6,2024-03-27 10:23:36.036454,781.5190743948051
921,50,213,4,2023-11-25 10:23:36.036454,868.9596094546973
922,62,197,9,2023-06-07 10:23:36.036454,765.5730692545912
923,188,209,1,2024-02-19 10:23:36.036454,302.6494901759258
924,285,382,9,2023-07-24 10:23:36.036454,89.8356578628818
925,184,203,8,2023-08-30 10:23:36.036454,338.88765896816176
926,99,485,6,2024-02-26 10:23:36.036454,893.6271549213379
927,182,177,6,2024-03-31 10:23:36.036454,201.37402257868237
928,6,403,4,2023-09-10 10:23:36.036454,13.666849386394665
929,217,488,8,2024-02-13 10:23:36.036454,640.5582922588843
930,241,384,9,2023-07-18 10:23:36.036454,432.3263775568587
931,28,10,5,2024-03-03 10:23:36.036454,788.8450439490716
932,212,353,5,2023-07-13 10:23:36.036454,951.0816645029246
933,274,105,2,2023-12-01 10:23:36.036454,653.9348715371991
934,231,359,8,2023-10-02 10:23:36.036454,21.18747109199718
935,166,148,8,2023-06-19 10:23:36.036454,371.6585932961632
936,197,187,8,2023-08-15 10:23:36.036454,737.9263117558987
937,156,161,2,2023-11-04 10:23:36.036454,87.94863843182603
938,109,396,5,2023-10-05 10:23:36.036454,26.452225558876293
939,60,163,1,2024-03-23 10:23:36.036454,869.7474499689802
940,48,280,1,2023-06-14 10:23:36.036454,951.0572307460353
941,161,100,2,2023-08-12 10:23:36.036454,909.98606670978
942,258,108,9,2024-04-18 10:23:36.036454,864.9408010188739
943,69,252,5,2023-11-30 10:23:36.036454,13.17992437228431
944,241,429,6,2024-01-16 10:23:36.036454,214.12052442366635
945,274,54,8,2023-11-16 10:23:36.036454,218.26922165060142
946,100,122,7,2024-03-10 10:23:36.036454,989.1063144047337
947,65,163,8,2024-01-20 10:23:36.036454,491.5520002227053
948,221,240,8,2023-09-13 10:23:36.036454,13.448804319704966
949,283,361,3,2024-02-15 10:23:36.036454,177.64445176923442
950,11,235,4,2023-10-28 10:23:36.036454,727.0304671937237
951,7,486,2,2024-04-30 10:23:36.036454,602.9506523412816
952,283,23,6,2023-11-20 10:23:36.036454,170.68947760226203
953,31,330,6,2024-04-21 10:23:36.036454,796.7825556743384
954,120,344,9,2023-09-19 10:23:36.036454,424.07313281918437
955,146,455,7,2023-06-19 10:23:36.036454,909.942539353818
956,48,244,5,2023-05-25 10:23:36.036454,294.8144854921925
957,91,141,6,2023-07-24 10:23:36.036454,253.25934767895322
958,70,304,2,2024-04-01 10:23:36.036454,555.8009458544916
959,232,188,9,2023-08-29 10:23:36.036454,497.67484594188386
960,75,51,5,2024-04-05 10:23:36.036454,60.45187047525334
961,82,320,1,2023-06-17 10:23:36.036454,264.7863054863104
962,38,139,4,2023-06-21 10:23:36.036454,333.44920016230657
963,236,185,5,2023-12-09 10:23:36.036454,327.3024551956043
964,197,462,2,2023-08-26 10:23:36.036454,212.49006003690545
965,40,56,5,2023-08-07 10:23:36.036454,391.8285839270241
966,223,68,4,2023-08-01 10:23:36.036454,884.9037423104943
967,81,375,1,2023-05-28 10:23:36.036454,970.6529432576626
968,26,163,2,2023-08-23 10:23:36.036454,639.7349369977073
969,23,388,9,2023-08-28 10:23:36.036454,538.8240776455241
970,217,207,3,2023-11-02 10:23:36.036454,984.7041818458905
971,229,76,2,2023-08-16 10:23:36.036454,34.39788627348737
972,125,76,9,2023-06-27 10:23:36.036454,983.6624290408936
973,5,150,1,2024-02-09 10:23:36.036454,251.34092414715198
974,250,100,7,2023-12-29 10:23:36.036454,912.4385991775777
975,182,45,8,2023-12-09 10:23:36.036454,215.29734690286642
976,46,123,9,2024-03-13 10:23:36.036454,966.9882354153826
977,221,287,4,2023-10-05 10:23:36.036454,608.2011421789107
978,238,382,7,2024-02-10 10:23:36.036454,274.2941928926879
979,59,131,2,2023-12-24 10:23:36.036454,222.7088754210906
980,182,266,1,2023-07-06 10:23:36.036454,322.41003896828937
981,94,146,6,2023-10-16 10:23:36.036454,541.4724162500067
982,98,11,2,2023-10-28 10:23:36.036454,175.96141565081098
983,154,387,5,2023-10-12 10:23:36.036454,157.11218616082064
984,8,35,7,2023-11-10 10:23:36.036454,811.1633766107473
985,83,393,2,2024-04-09 10:23:36.036454,514.72193514571
986,61,356,8,2023-09-13 10:23:36.036454,657.9014769717559
987,80,157,7,2024-05-09 10:23:36.036454,579.5548092430163
988,197,427,5,2023-09-13 10:23:36.036454,818.0662079844271
989,142,453,4,2024-03-29 10:23:36.036454,254.56744065369622
990,88,223,4,2023-12-09 10:23:36.036454,744.4265391739232
991,28,443,7,2023-08-08 10:23:36.036454,186.84963502703533
992,291,93,1,2023-09-17 10:23:36.036454,737.5430800290973
993,169,235,1,2023-07-14 10:23:36.036454,261.9810272910877
994,146,231,8,2023-11-04 10:23:36.036454,805.798172047185
995,273,167,3,2023-12-17 10:23:36.036454,108.1804730340128
996,160,339,1,2023-09-10 10:23:36.036454,154.5277516419358
997,74,353,8,2023-12-26 10:23:36.036454,796.4793427305032
998,6,128,2,2023-06-06 10:23:36.036454,529.2884994365157
999,150,374,5,2023-05-30 10:23:36.036454,989.862025307996
1000,119,12,4,2024-04-23 10:23:36.036454,412.7619544761394
